id,name,address,dob,gender
1,Mitchel Humbert,3083 Tennyson Center,6/20/2022,Male
2,Freida Rolstone,589 Farragut Crossing,9/4/2022,Female
3,Ambrosi Barthrup,69 Aberg Avenue,11/25/2022,Male
4,Abigail Folcarelli,7806 Hudson Avenue,11/14/2022,Female
5,Bret Heeron,4002 American Pass,9/20/2022,Male
6,Kippie Vasiljevic,06 Kennedy Alley,3/3/2022,Male
7,Nickolai Halhead,0 Washington Trail,10/19/2022,Male
8,Filmore Beacock,593 Bluestem Street,1/18/2022,Male
9,Mair Hufton,8136 Green Avenue,3/10/2022,Female
10,Guthry Younger,538 Eastlawn Crossing,12/24/2022,Male
11,Everard Harlett,24741 Hoard Plaza,12/11/2022,Male
12,Kelvin Kauffman,8 Linden Drive,11/1/2022,Male
13,Brietta Aspland,9437 Jana Road,6/25/2022,Female
14,Jeffry Cowle,7 Anniversary Park,11/12/2022,Male
15,Marcie Clapison,3667 Chive Pass,3/8/2022,Female
16,Silvano Canet,89 Jenifer Terrace,7/11/2022,Male
17,Lottie McQuaide,9 Novick Plaza,11/4/2022,Female
18,Kahaleel Miskelly,2 Oxford Pass,11/16/2022,Male
19,Meggie Goodlett,1 Dapin Place,5/7/2022,Female
20,Gwenora Dibbert,926 Mallard Point,1/19/2022,Female
